Wardname,Children,Greaterthan65,nonwhite,NotBorninUK,NotEnglishspeaking
Hackney - Queensbridge,17.54206291,8.2,44.7,38.3,11.8
Hammersmith & Fulham - S&s End,17.9153605,8.4,30.6,39,11.8
Barking & Dagenham - River,26.85159755,10.1,38.4,30.9,9.6
Tower Hamlets - Bethnal Green North,18.55587225,7,49.4,38.7,15
Merton - Abbey,15.73186089,8.5,26.6,38.3,12.5
Richmond upon Thames - South Richmond,16.55268022,14,13.1,33,8.5
Lambeth - Larkhall,16.65603433,6.2,43.3,42.2,13
Greenwich - Plumstead,23.35683556,8.6,55.4,41.7,14.6
Hillingdon - Heathrow Villages,20.8213788,9.4,50,43.2,17.1
Lambeth - Streatham Hill,18.32012901,8.4,37.9,37.8,12.4
Havering - Gooshays,23.23713586,12.9,12.8,10.7,2.6
Croydon - Broad Green,25.76131246,7.1,68.6,46.2,16.9
Hillingdon - West Ruislip,17.85882575,16.8,18,18.4,3.9
Ealing - North Greenford,20.28818052,11.4,56.4,51.4,22.1
Lewisham - Lewisham Central,18.33084948,8.4,51.6,41.2,12.4
Hillingdon - Hillingdon East,23.11328064,11.9,34.4,23.3,6.4
Wandsworth - Southfields,18.50393701,7.7,24.4,34.8,9
Hounslow - Heston West,22.96993086,10.3,76.2,51.1,23.9
Sutton - Sutton West,18.07137434,13.9,23,25.1,7.8
Merton - Dundonald,16.4851752,9.8,18.1,35.6,7.3
Haringey - West Green,19.74274604,9.5,47.8,54.6,25.9
Hounslow - Heston Central,20.84147135,10.9,76.6,54.7,23.9
Barnet - Underhill,20.57178762,16.2,27.3,25.4,6.9
Sutton - Sutton Central,18.75739107,11.5,24.1,26.9,99.7
Bexley - Lesnes Abbey,20.92367354,15.6,31,23.3,5
Hammersmith & Fulham - Hammersmith Broadway,15.96074813,10.1,33.9,40.5,13.4
Southwark - Brunswick Park,19.65993624,7.1,53.3,40.6,10.7
Redbridge - Clementswood,26.63984727,7.4,84.2,55.6,25.1
Islington - Barnsbury,14.8840259,9.4,28.9,35.5,10.9
Croydon - Shirley,20.62814773,16.7,30.9,19.7,3.9
Wandsworth - Northcote,19.03614458,6,14.9,28.9,5.7
Greenwich - Woolwich Common,26.91010915,5.9,57.6,41.8,13.6
Croydon - Sanderstead,19.55858183,18.5,19.5,13.7,1.7
Croydon - West Thornton,25.05003145,9.5,76.5,46.5,15.1
Barking & Dagenham - Valence,25.6916996,12.1,31.5,23.3,7.1
Harrow - Harrow Weald,19.74331927,17.1,48.3,36.7,10.5
Lewisham - Lee Green,19.30968229,10.9,33.7,28.9,8.1
Kensington & Chelsea - Royal Hospital,12.85162714,20.1,15.4,44.8,16.7
Lambeth - Thornton,20.66102507,7.9,40.5,37,10.1
Harrow - Greenhill,16.82769726,10.4,58.5,52.7,20.7
Bexley - Sidcup,15.81519734,20,10.1,10.6,2.2
Lambeth - Herne Hill,18.36896803,7.2,39.6,35.3,10.8
Kensington & Chelsea - Brompton,14.05136328,13,24.4,61.7,26.8
Merton - Figge's Marsh,23.113879,9.3,57.4,44.9,16.3
Redbridge - Fairlop,20.84718923,13.1,34.9,25.1,8.2
Greenwich - Middle Park & Sutcliffe,21.93261755,14.2,24,22.3,5.6
Richmond upon Thames - East Sheen,22.90297642,13.9,9.3,23.6,5.5
Merton - Wimbledon Park,21.20210771,8.2,20.4,32.9,8.4
Barking & Dagenham - Parsloes,26.22217705,11.2,30.9,23.3,6.6
Kensington & Chelsea - Campden,15.59060895,12.5,21.4,52.8,18.3
Islington - Tollington,17.72218466,8,35.8,34.5,12.6
Richmond upon Thames - Hampton,19.33900851,15.8,11.3,16.7,4
Greenwich - Thamesmead Moorings,28.64673087,4.7,57.6,41.8,12.1
Enfield - Lower Edmonton,27.45145484,9.2,58.9,46.1,19.5
Brent - Preston,20.4278144,12.4,70,57.3,22.8
Wandsworth - Roehampton,18.45400446,10.5,34.5,38.6,15.5
Harrow - Edgware,20.28662147,11.4,65.3,56.5,24.8
Havering - Harold Wood,17.44664032,17.4,10.1,9.4,2.5
Hillingdon - Townfield,23.1958032,9.8,62.9,44.7,18.1
Hillingdon - Northwood,15.82768173,20.9,34.8,31.8,7
Kingston upon Thames - Alexandra,20.86307592,14.8,29.8,27.2,8.2
Bexley - Crayford,21.69071798,14.6,11.7,10,1.9
Sutton - Wandle Valley,24.06706793,9,24.8,19.8,5.7
Ealing - Dormers Wells,22.39396118,11.6,82.1,56,29.1
Newham - Canning Town South,21.08652163,7.1,54.5,47.5,19.9
Hackney - Dalston,16.45956407,6.2,44.5,40.8,14
Haringey - Seven Sisters,27.04158317,7.3,41.2,49.1,22.5
Newham - Green Street West,21.01502018,7.4,89.3,61.1,32.7
Bromley - Cray Valley West,23.62693065,14.9,13.9,10.9,2.5
Islington - Bunhill,13.45037229,7.9,34.5,41.9,16.6
Lambeth - Bishop's,11.45219638,8.7,42,43,13.7
Hillingdon - Brunel,15.5263348,11.1,38.2,29.3,9.8
Bexley - Longlands,16.29955947,21.7,9.4,9.9,2.1
Croydon - Upper Norwood,20.99241388,11,51.3,33.9,9
Camden - Regent's Park,15.91513897,9.6,44.3,45.2,15.6
Hillingdon - Uxbridge North,17.88678619,15.9,30.2,23.4,5.9
Barnet - Finchley Church End,18.75278396,16.5,33.1,40.9,14.5
Lambeth - Knight's Hill,23.24730746,9,47.7,35.3,11.6
Lambeth - Gipsy Hill,22.49124854,8.1,44.9,30.6,7.7
Harrow - Canons,18.36260123,19.6,48.4,40.1,12.5
Redbridge - Roding,22.74991697,10.3,37.2,28.2,8.7
Islington - Saint George's,16.22580645,9.1,28.1,32.8,10.6
Barking & Dagenham - Chadwell Heath,24.50853208,15.6,37.9,24.8,6.5
Redbridge - Barkingside,20.27916568,14.8,64.2,40.5,12.8
Hackney - Stoke Newington Central,15.95821615,7,39.9,36.6,13
Kingston upon Thames - Coombe Hill,18.8181906,14.4,35.5,40.6,13.9
Sutton - Beddington South,22.03993625,13.9,28.8,20.1,4.2
Harrow - Harrow on the Hill,20.81499593,11.7,52.6,44.2,15.1
Ealing - Norwood Green,20.62428734,10.7,78,50.7,25.6
Richmond upon Thames - North Richmond,18.65902902,13.1,15.7,28.3,6.8
Enfield - Upper Edmonton,25.843214,9.2,58,48.4,22.7
Lewisham - Rushey Green,22.03673907,9,59.1,38,10.2
Kingston upon Thames - Chessington North & Hook,20.61549022,14.5,15,17.2,5
Havering - Hylands,17.63434219,16.2,9.7,7.9,1.7
Westminster - Queen's Park,21.7702778,9.5,52.6,43.3,15.2
Kingston upon Thames - Chessington South,20.68021892,13.5,13,14.3,3.9
Wandsworth - Shaftesbury,12.71892655,7.7,18.8,29,5.7
Hillingdon - Eastcote & East Ruislip,17.78125515,20,20.2,17.5,3.7
Hammersmith & Fulham - Palace Riverside,18.33489242,14.7,15,34.1,8.2
Redbridge - Fullwell,21.54918668,15.6,48.5,29.6,8
Westminster - Churchill,20.12892493,12.8,39.4,44.4,17.4
Westminster - Warwick,10.7161917,11.3,24,43.9,15.9
Merton - Raynes Park,19.17231464,13.7,19.8,33.4,8.7
Kensington & Chelsea - Redcliffe,15.11087074,10.2,18.8,53.4,21.6
Lambeth - Ferndale,12.55987227,6.2,40.4,41.7,11.8
Croydon - Ashburton,21.77841179,13.2,36.7,22.3,4.8
Tower Hamlets - Limehouse,22.27574127,6.2,56.8,43.8,19.7
Camden - Cantelowes,16.18448637,9.1,31.9,35.9,12.6
Ealing - Lady Margaret,20.19860402,11,83.5,55.9,25.2
Hackney - Hoxton,15.86265981,6.2,46.5,44.8,16.6
Hackney - Victoria,20.64091905,7.4,44.2,34,10.4
Hillingdon - Ickenham,18.63868297,19.9,21.8,15.9,2.8
Waltham Forest - Hatch Lane,20.29300054,16.1,22.2,16.5,4.4
Newham - Plaistow South,25.10972933,6.6,67.3,51.7,21.9
Westminster - West End,7.914893617,10.9,32.4,56.8,24.2
Sutton - Wallington South,18.20588235,17.3,21.3,18.5,4.3
Merton - Village,19.1025792,19.3,17.1,34,8.3
Hounslow - Feltham West,24.99195676,6.3,35.5,32.3,14.2
Kensington & Chelsea - Golborne,18.6639812,10.2,52.1,46.1,16.9
Hackney - King's Park,25.5541539,9.2,62,43.3,13.4
Harrow - Queensbury,21.19492657,11.6,75,57.5,26.2
Islington - Finsbury Park,18.41482101,8.5,42.9,41.6,17.5
Barking & Dagenham - Alibon,26.40346654,10.4,29.9,24.7,7.9
Redbridge - Hainault,23.04485447,14.1,29.8,22.2,7.4
Kingston upon Thames - Tolworth & Hook Rise,20.46171057,12.9,27.2,26.1,8
Barking & Dagenham - Mayesbrook,27.10307484,10.8,31.2,25,8.2
Hillingdon - Botwell,24.96341626,9.1,60.2,42.7,17.9
Southwark - Rotherhithe,17.23786655,7.4,40.9,43.4,15.2
Tower Hamlets - Weavers,17.34060276,7,47.9,41.2,16.7
Hammersmith & Fulham - Wormholt & White City,22.66039286,9,50.6,45,14.3
Hounslow - Hounslow Central,18.53121498,9.5,70.7,64.5,29.5
Waltham Forest - Chapel End,24.11614369,8,48.5,36.9,14.1
Lambeth - Clapham Common,15.60846561,6.8,24.3,33.5,7.6
Westminster - Abbey Road,17.45777778,14,35.4,56.9,20.4
Hackney - Lordship,27.45114007,8.4,30.5,31.4,13.1
Merton - Trinity,16.93202694,8.2,22.2,36.1,9.8
Camden - Frognal & Fitzjohns,17.91256466,14,25.8,48.5,14.6
Westminster - Hyde Park,12.74273792,9.9,44.7,64.2,34.1
Newham - East Ham Central,22.45398002,7.1,81.9,61.4,29.1
Lambeth - Prince's,16.89805076,9.3,43.4,38.5,12.4
Ealing - Hobbayne,22.60172886,11.3,37.7,40.7,17.2
Bromley - Biggin Hill,18.95286906,16.3,4.1,5.1,0.5
Lambeth - Saint Leonard's,17.03780069,7.6,38.9,40.4,15.8
Bromley - West Wickham,19.853534,19.7,10.6,9.7,1.3
Islington - Clerkenwell,12.23672759,8.2,29.3,38.5,12.6
Lewisham - Whitefoot,25.7912836,11.3,50.5,29.5,6.8
Wandsworth - West Hill,18.84526277,9.5,31.7,43.5,13.5
Waltham Forest - Markhouse,23.16661778,7.8,58.2,45.8,19
Redbridge - Chadwell,24.66858385,10.3,56.9,31.6,9.9
Harrow - Kenton East,18.73765488,12.4,73.4,57.1,24.7
Enfield - Chase,22.19154193,13.2,23.4,21,7
Lewisham - Perry Vale,20.68766808,9.6,42.5,30.5,7.2
Kensington & Chelsea - Stanley,14.58409674,14.5,19,48.7,19.3
Barnet - Garden Suburb,20.36537134,16.3,21.4,36,10.9
Islington - Hillrise,19.24707478,9,33.7,32.9,10.4
Sutton - Nonsuch,18.55088807,17.3,15.3,15.7,3.6
Brent - Mapesbury,16.06671389,8.3,43.4,52.3,21.3
Lewisham - Evelyn,23.20062639,6,60.9,44.8,16
Harrow - Roxeth,22.84146446,11,66.3,48.4,19.8
Hammersmith & Fulham - Fulham Reach,12.60392712,8.5,30.5,43.6,14
Merton - Ravensbury,21.24799358,13.5,38.9,36,13.1
Newham - Royal Docks,21.06938852,4,54.1,48.3,18.1
Kensington & Chelsea - Earl's Court,11.46748682,8.8,35.4,61,29.6
Enfield - Jubilee,23.79658656,11.9,50.9,40.8,16.9
Barking & Dagenham - Whalebone,23.6501182,11.6,44,29.2,8.4
Greenwich - Charlton,21.81438999,10.7,36.2,31,9.4
Newham - Forest Gate North,21.27083718,6.9,64.1,50.5,21
Hackney - De Beauvoir,16.1034963,7,39.9,37.8,11.7
Hammersmith & Fulham - Askew,17.21751412,7.8,37,42.5,14.8
Brent - Fryent,20.86277427,11.8,62.7,55.9,21.9
Brent - Dudden Hill,20.39976094,9.7,55.9,56.2,23.8
Bexley - Cray Meadows,20.51396449,17.6,11,9.9,2.3
Kingston upon Thames - Saint Mark's,11.07507393,8.2,21.3,29.1,8.9
Newham - Forest Gate South,19.4102062,6.5,68.2,54.8,25.5
Greenwich - Coldharbour & New Eltham,18.61123871,16.9,18.3,15.6,3.6
Ealing - Northolt Mandeville,23.50655338,10.7,51.7,44.1,19.5
Ealing - East Acton,19.25050786,8.2,50.1,54.4,22.4
Lambeth - Tulse Hill,21.02593368,6.6,52.6,38.6,11.3
Richmond upon Thames - West Twickenham,21.78951368,11.7,16,21.1,4.4
Ealing - Cleveland,21.70627833,11.9,36.9,39.6,15.1
Sutton - Worcester Park,20.78936079,13.4,20,21.5,6.1
Enfield - Highlands,16.90758112,18.5,20.8,20.9,5.4
Hackney - Brownswood,14.43512758,6.2,38.2,42.7,18.6
Barking & Dagenham - Goresbrook,26.56430283,10,33.3,26.8,7.7
Brent - Queensbury,20.08578027,12.2,72.9,57.7,24.1
Waltham Forest - Hale End & Highams Park,22.73007486,11.4,33.1,21.8,5.9
Wandsworth - Latchmere,18.96080219,8.5,44.5,39.7,11.5
Redbridge - Aldborough,23.00605061,12.4,61.3,38.4,12.8
Merton - Cricket Green,23.31357853,10.8,47.5,39.5,14.5
Haringey - Tottenham Hale,23.64577801,7.8,57.4,53.5,22.3
Newham - East Ham South,27.85232745,7.4,67.7,46.6,19.7
Kensington & Chelsea - Hans Town,12.59099181,14.6,23.5,55.6,24.8
Croydon - Selhurst,24.55354675,8.7,65.6,40.1,11.5
Redbridge - Goodmayes,24.08753539,8,75.2,46.3,18.5
Southwark - Peckham,24.26630435,6.2,70.8,47.6,12.3
Enfield - Bush Hill Park,18.02054155,17.2,26.8,25.7,7.7
Bexley - Thamesmead East,27.1622292,6.8,52.7,38.1,7.6
Enfield - Edmonton Green,27.97370327,8.4,60.6,46.8,21.4
Bromley - Plaistow & Sundridge,19.62703346,14.8,19.3,16.9,3.9
Tower Hamlets - Spitalfields & Banglatown,13.70795256,5.6,54.7,50.7,24.6
Brent - Harlesden,25.86528377,8,67,52.9,23
Lewisham - Grove Park,20.82878209,12.6,37.5,26.9,7
Redbridge - Valentines,24.03172131,8.7,77.6,50.3,21
Ealing - Greenford Broadway,23.44397163,11,57.3,48.6,22.2
Havering - Mawneys,19.41927991,18.1,11.5,9.3,2.5
Waltham Forest - Leytonstone,16.42208246,7.5,47.6,42.6,15.4
Ealing - Ealing Broadway,14.54843538,11.9,30.5,44.3,18.6
Islington - Canonbury,17.33764082,9.7,28.2,29.7,9.1
Camden - Hampstead Town,17.49778172,15.9,20,40.9,10.4
Havering - Upminster,16.77705914,22.5,4.8,6.1,0.9
Barking & Dagenham - Longbridge,22.96567346,11.6,57.4,33.3,11.9
Harrow - Rayners Lane,20.63106796,13.9,65.5,48,17.6
Haringey - Woodside,19.18836985,8.5,43.2,54.2,25.6
Camden - Swiss Cottage,16.48837209,11.6,32.4,51.2,17.8
Ealing - South Acton,20.45317017,11.1,43.5,50.5,23.4
Hounslow - Brentford,17.91263151,9.9,33.9,38.3,15
Merton - Cannon Hill,17.73164666,15.8,25.4,29.6,7.7
Enfield - Haselbury,25.41966427,9.3,54.3,46,22.1
Wandsworth - Bedford,14.64150943,7.5,27.6,30.3,8.3
Hillingdon - Pinkwell,26.33574863,8.6,68.2,45.3,18.5
Kensington & Chelsea - Cremorne,15.5826218,15.3,32.5,44.4,17.2
Tower Hamlets - Bow West,19.25960275,7.8,40.7,32,11.3
Wandsworth - Tooting,17.90750662,9,52.7,45.4,15.2
Hounslow - Isleworth,21.32420473,9.8,34.8,33.8,11.7
Southwark - Faraday,23.24168549,7,60.7,45.9,14.6
Kingston upon Thames - Surbiton Hill,16.70331772,13.5,19,25,7
Greenwich - Peninsula,16.92406234,8.3,30.6,33,10.4
Southwark - Surrey Docks,12.16970599,5.7,30.9,42.7,15.4
Enfield - Enfield Lock,27.28763131,8.2,45.1,33.8,14
Tower Hamlets - Bethnal Green South,19.70916278,5.3,64.3,45.5,23.1
Newham - Beckton,21.99326332,4.8,54.2,49.7,23.5
Southwark - Peckham Rye,20.29146323,8,35.8,28.8,5.9
Bromley - Darwin,18.31702544,21.9,4.8,6.1,0.4
Ealing - Southall Broadway,21.18461195,10.5,93.7,64.1,36
Bexley - Falconwood & Welling,19.11111111,15.7,15.4,12.4,2.6
Haringey - Stroud Green,16.27827862,6.9,25.9,31.3,9
Southwark - Chaucer,14.8240875,5.2,49.9,45.2,13.3
Hounslow - Cranford,21.37875101,10.1,73.9,56.2,26.5
Camden - Kilburn,17.31184582,11.2,40.1,47.9,18.7
Hackney - Chatham,21.95435308,6.9,54.4,41.3,14.4
Bromley - Cray Valley East,22.1819359,15.9,14.6,12.3,2.5
Waltham Forest - Wood Street,23.30191502,9.2,50.4,38.7,14.4
Enfield - Grange,17.60956802,18.8,19.6,22.1,6.4
Tower Hamlets - Saint Katherine's & Wapping,13.66529691,6.1,37.6,41.5,15.9
Sutton - Sutton North,20.13520039,16.5,21.9,21.1,6.1
Westminster - Marylebone High Street,8.527879606,11.7,27.8,58.5,21.8
Croydon - Fairfield,17.58706017,11.7,48.7,42.3,13.7
Bexley - Erith,23.63726873,11.7,31.4,23.1,5.6
Islington - Highbury West,15.18962076,6.7,32.1,34.5,12.8
Ealing - Hanger Hill,18.97050318,12.8,43.1,53.1,23.8
Wandsworth - Nightingale,16.20682608,9.5,21.4,27.7,6.7
Sutton - Sutton South,14.87654964,17.5,24.4,29.4,9.7
Lewisham - Catford South,21.4670698,11.3,56.2,32.2,7.1
Waltham Forest - Cathall,21.36220472,6.8,61,50.1,20
Redbridge - Mayfield,24.2612639,11.6,73.3,41.1,13.5
Kingston upon Thames - Tudor,22.93798288,13.6,17.6,23.9,6.1
Hackney - Wick,22.31975456,7.9,51.6,35.1,10.9
Kensington & Chelsea - Courtfield,12.51539237,9.1,24.8,61.4,28.3
Harrow - Roxbourne,24.45431868,9.8,66.3,48.4,20.9
Haringey - Hornsey,18.12939411,8.2,31,32.2,10.5
Waltham Forest - Endlebury,18.61136999,16.9,22.4,17.5,3.8
Hounslow - Bedfont,22.23446973,11.2,35.7,31,12.5
Southwark - Camberwell Green,21.18813199,7.4,61.1,46.8,13.4
Southwark - Riverside,12.44614315,6.4,31.2,40.5,12.7
Westminster - Regent's Park,15.29791995,16.3,43.7,59.9,23.7
Merton - Graveney,18.24572127,10.9,57.5,54.1,23.1
Bromley - Hayes & Coney Hall,20.04275116,17.9,8.3,8.7,1
Camden - Highgate,17.81834779,15.2,20.2,27.1,5.5
Lambeth - Oval,13.9944393,7.2,36.9,42.6,15
Hackney - Springfield,33.18791404,6.9,44.9,39.4,18.2
Greenwich - Eltham West,21.99249928,12.3,24.6,21.3,6.4
Hackney - Cazenove,28.37514934,5.4,43.3,36.4,16.4
Brent - Wembley Central,18.21144836,9.7,86,68.5,32.9
Waltham Forest - High Street,19.50874213,7.6,50.7,44.4,18
Hounslow - Hounslow South,19.31100982,12.5,45.1,38.7,13.2
Bexley - Blackfen & Lamorbey,19.65900528,17.5,7.3,7.1,1.2
Barking & Dagenham - Village,24.95596551,11.3,34.8,26,7.5
Tower Hamlets - Bromley-by-Bow,26.73342541,5.8,70.4,43.5,22
Sutton - Saint Helier,24.16938656,10.6,25.5,22.6,8.1
Waltham Forest - Cann Hall,21.68997753,7.1,57,48.8,18.2
Wandsworth - East Putney,13.273865,11,20.6,39.4,9.3
Haringey - Fortis Green,21.27642537,11,20.1,27.5,8.3
Croydon - South Norwood,21.29797796,9.9,52.3,32.1,8.2
Richmond upon Thames - Twickenham Riverside,17.13158907,12.4,10.3,26.8,7.2
Redbridge - Monkhams,16.97370946,20.7,21.1,18.8,3.8
Barnet - Hendon,20.08445214,11.9,36.3,48.2,20.3
Ealing - Northolt West End,25.55386549,9.8,55.1,41.5,18.6
Redbridge - Church End,18.23549844,11.9,26.5,22.1,5.8
Brent - Dollis Hill,25.06517691,11.3,64.3,54.5,22
Hammersmith & Fulham - Fulham Broadway,13.50491088,10.3,29.9,43.9,15.6
Harrow - Headstone South,20.36820835,12,56.5,44.2,15.9
Merton - Hillside,13.82421744,13.7,21.7,41.6,11.3
Redbridge - Newbury,25.44749403,9.1,77.2,47.5,17.6
Lambeth - Streatham South,20.66824777,10.9,52.5,44.5,15.8
Bexley - Danson Park,18.50147275,17.5,16.2,13.2,3.1
Croydon - Thornton Heath,25.02569684,9.1,67.1,37.6,9.4
Merton - Saint Helier,21.59592856,13.3,35,33,11.7
Sutton - Carshalton South & Clockhouse,20.92640247,15.3,16.7,13.9,2.4
Bexley - Northumberland Heath,20.61709757,15.1,14.5,9.8,1.9
Croydon - New Addington,25.80316637,12.7,23.7,13.9,3
Bromley - Crystal Palace,19.21664627,7.8,38.1,30.3,8.3
Westminster - Lancaster Gate,11.59530125,8.4,33.7,64.6,32.2
Southwark - South Bermondsey,20.52975327,7.2,44.8,41.1,14.6
Barnet - Golders Green,27.1867361,12,34.2,45.8,17.5
Newham - Wall End,25.23912165,6.5,82.2,59.8,29.7
Wandsworth - Saint Mary's Park,13.91640493,10.4,28.2,38.9,11.3
Tower Hamlets - Bow East,17.46160612,7.4,39.9,30.9,10.9
Redbridge - Loxford,29.02562863,7.5,83.5,53.2,23.7
Enfield - Town,20.17308466,14.9,18,17.1,4.4
Newham - Custom House,24.05488032,6.6,53.5,46.9,19.6
Hillingdon - West Drayton,22.75574113,11.5,33.5,27.6,9.2
Bexley - Barnehurst,18.9671722,18.2,9.8,8,1.3
Lewisham - Crofton Park,19.53538194,9.1,39.6,30.1,7
Richmond upon Thames - Fulwell & Hampton Hill,21.13315566,12.5,9.9,16.7,4
Barnet - Edgware,23.32018173,13.8,39.2,37.4,12.1
Hackney - Leabridge,21.09124582,7,52.7,40.7,17.3
Brent - Brondesbury Park,16.79336558,12.1,43.8,47.2,16.2
Hounslow - Hanworth,24.20403126,11,32.4,28.9,11.3
Wandsworth - Furzedown,22.04592363,9.8,43.1,36.7,12.9
Westminster - Church Street,23.16326531,11.4,61.7,52.7,27.2
Bexley - Saint Mary's,18.13935754,21,8.4,8.1,1.1
Barnet - Woodhouse,18.74822191,13.6,37.6,41,16.2
Bromley - Penge & Cator,20.80110816,9.7,34.6,25.8,6.4
Brent - Alperton,19.00549333,9.5,81.8,66.8,32.3
Newham - West Ham,21.59989711,7,65.5,51.2,22.1
Barnet - East Barnet,20.72256305,13.7,23.4,23.4,7.2
Barking & Dagenham - Eastbury,26.9184446,9.5,41.7,32.2,11.9
Wandsworth - Balham,15.68707206,7.8,19.4,28.5,6.5
Southwark - Livesey,23.56854696,9.1,62.2,44.3,11.9
Bexley - North End,26.80269756,10.6,27,18.8,3.3
Sutton - Cheam,19.82498785,19.7,21.2,18.6,3.3
Lambeth - Vassall,18.01597964,7.2,52.7,40,12.1
Tower Hamlets - Mile End & Globe Town,18.89400922,6.6,52.6,40.6,16.4
Greenwich - Woolwich Riverside,23.62970711,6.2,49,39.4,13.3
Harrow - Wealdstone,23.42460944,11,62.6,46.9,18.3
Wandsworth - Fairfield,12.67364675,6.7,22.1,32.5,7.1
Haringey - Muswell Hill,17.87833828,12.1,16.2,26.1,7
Barnet - High Barnet,18.45560855,16.5,18.3,22.1,6.3
Haringey - Highgate,15.3627923,11.7,18.9,31.5,8.2
Redbridge - Clayhall,21.90166906,14.3,71,38.8,10.9
Havering - South Hornchurch,21.03514471,16.6,16.4,11.8,2.5
Havering - Cranham,17.23339719,23.5,5.6,6,1.1
Brent - Northwick Park,16.68878308,13.2,68.8,53.3,19.8
Greenwich - Greenwich West,17.43208084,7.7,33.3,34.8,9.7
Waltham Forest - William Morris,22.41314342,8,51.8,43.6,16.9
Kingston upon Thames - Norbiton,18.76916988,9.1,31,34.1,13.6
Brent - Stonebridge,28.19026208,8.7,76.5,48.8,17.2
Croydon - Croham,18.24572514,12,31.3,24.3,6.5
Barnet - Oakleigh,19.10062615,16.4,26.7,28.5,8.6
Redbridge - Wanstead,19.37971065,14.5,30,22.8,5.7
Hammersmith & Fulham - Ravenscourt Park,17.62633287,11.4,26.7,37.3,11.6
Tower Hamlets - Saint Dunstan's & Stepney Green,23.71597487,8.5,65.2,39.8,19.8
Barnet - Mill Hill,22.81719148,13.1,36.1,34.4,10.2
Tower Hamlets - Whitechapel,16.37060961,5.6,60.2,48.8,24.8
Kensington & Chelsea - Pembridge,13.31766549,11.8,22.1,51.2,20.2
Brent - Barnhill,20.87877251,12.3,69.7,56.5,22.9
Brent - Willesden Green,19.1634054,7.6,52.7,56.3,25.9
Harrow - Belmont,21.2465838,13,58.7,41.6,13.2
Lewisham - Sydenham,20.16661326,11.9,41.8,30.2,7.1
Ealing - Perivale,20.12517113,11,54.6,55.4,26.7
Hammersmith & Fulham - Munster,15.06724827,8.4,19.3,38.3,10.7
Merton - Longthornton,21.63806864,10.8,58.2,42,14.5
Wandsworth - Earlsfield,14.95986535,6.7,27.7,33.4,8.2
Bromley - Bromley Town,19.3510044,13.9,18.5,19.9,4.9
Wandsworth - Graveney,17.87077247,8.8,46.4,42.4,14.4
Hammersmith & Fulham - College Park & Old Oak,20.35967302,8.7,50,45.7,19.5
Enfield - Ponders End,25.90015322,9.1,54.6,43.5,19
Camden - Holborn & Covent Garden,12.86185979,9.4,39.8,45.6,16.3
Bromley - Kelsey & Eden Park,20.25547445,17.5,16,13.6,2.5
Newham - Canning Town North,22.95746117,7.7,59.2,47.9,18.6
Hackney - Hackney Downs,18.88398731,7.2,51.7,39.5,15.5
Islington - Caledonian,15.24899252,9,34.7,37.3,14.4
Barking & Dagenham - Thames,30.2759135,6.9,54.9,37.2,11.2
Harrow - Pinner,18.11290644,19.8,38,31.7,7.5
Islington - Mildmay,18.25501277,7.8,34.5,33.8,10.6
Hillingdon - Yeading,25.81333726,7.6,64.1,42.7,17.4
Bromley - Chelsfield & Pratts Bottom,19.29413387,18.7,9.7,9.7,1.3
Bexley - Brampton,17.24824578,20.9,13.1,10.4,1.6
Barnet - West Finchley,17.55882175,12.5,39.2,44.7,19
Barnet - Brunswick Park,20.6233988,14.4,31.6,30.9,10.2
Barnet - Burnt Oak,24.58143492,9.3,53.5,47.1,19.3
Hillingdon - Harefield,19.24584403,17,12.5,13.3,3.1
Hounslow - Heston East,20.38314798,10.5,77.4,56.5,26.1
Harrow - Marlborough,20.69499959,10.6,62.9,51.6,20.2
Westminster - Knightsbridge & Belgravia,11.46709817,13.2,30.4,59.6,23.9
Hackney - Hackney Central,17.59642971,7.7,52.7,40.5,12.8
Bromley - Copers Cope,13.16917879,16.8,17.4,20.3,4.6
Enfield - Enfield Highway,26.25569352,10.3,42.2,34.3,14.5
Lambeth - Stockwell,18.37991473,6.9,44.3,44.9,17.8
Waltham Forest - Lea Bridge,23.89126412,8.4,64.8,50.4,21.2
Lambeth - Clapham Town,14.59224357,7.3,29.3,35.2,7.8
Hounslow - Chiswick Homefields,18.33245197,11.3,18.8,34,9.8
Greenwich - Shooters Hill,20.74741309,12.4,33.5,23.8,5.2
Brent - Kenton,16.7229869,17.2,70,53.9,19.6
Harrow - Stanmore Park,17.34793837,22.4,43.3,34.5,8.8
Waltham Forest - Larkswood,19.97883038,15.3,31.2,21.8,6.3
Kensington & Chelsea - Colville,14.09812582,9.7,34,44.4,15.5
Camden - Belsize,17.44607148,12,27.8,46.3,14
Sutton - Stonecot,20.58439134,14.5,20.9,18.1,5.2
Hounslow - Hanworth Park,20.46809257,12,30.8,28.5,10.9
Kensington & Chelsea - Norland,17.47550432,14.8,25.6,40.7,14.4
Hounslow - Osterley & Spring Grove,18.17972527,12,54.4,46,15.7
Merton - Lavender Fields,20.3056556,7.3,46.8,46.1,19.6
Sutton - Belmont,17.79458599,16.4,22.2,22.1,4.8
Havering - Elm Park,17.92074442,19.4,13.7,10.9,2.1
Bromley - Orpington,19.16269349,21.2,12.6,11.9,2.3
Haringey - White Hart Lane,27.40674559,8.4,52.5,44.6,19.2
Brent - Kensal Green,19.5507878,9,52.3,50.2,21.9
Croydon - Coulsdon East,19.18490689,19.6,15.4,11.8,1.5
Croydon - Kenley,20.76039022,14.9,23.2,17.9,3
Southwark - Village,23.73810676,10.9,20.1,22,3.5
Lewisham - Blackheath,18.38450032,10.9,30.2,29.3,7.4
Camden - Gospel Oak,19.60227273,12.2,30.1,34.9,10.4
Hillingdon - Northwood Hills,18.86336155,17.5,33.3,27.9,7.1
Richmond upon Thames - Hampton North,19.25002663,15.7,16.3,20.1,5.4
Enfield - Cockfosters,17.2251233,19,26.3,30.5,9.5
Wandsworth - Wandsworth Common,18.69220174,8.1,17.8,25.7,4.5
Harrow - Headstone North,18.18091747,16.4,52.6,37,9.1
Croydon - Purley,19.46327103,15,31.6,23.1,5
Tower Hamlets - East India & Lansbury,27.76768289,7,63.7,39.5,18.6
Kensington & Chelsea - Queen's Gate,14.36985884,9.4,28.7,63.2,24.9
Southwark - The Lane,19.83938323,9.1,50.7,37.7,8.5
Bromley - Mottingham & Chislehurst North,22.40913187,14,18.4,15.1,3.6
Hammersmith & Fulham - Parsons Green & Walham,18.04309627,10.2,17.8,38.2,10.8
Barnet - Hale,23.10603888,13.4,40.6,35.7,11.7
Southwark - East Dulwich,17.52292833,8.7,28.2,25.9,5.6
Brent - Sudbury,20.66220736,10.5,77.3,62.2,28.4
Enfield - Southgate Green,18.11126423,15.3,33.2,36.2,14
Redbridge - Seven Kings,24.21524664,9.2,76.7,47.6,19.3
Camden - Haverstock,19.49207376,11.1,37.1,36.3,10.7
Westminster - Maida Vale,17.88442703,9.2,37.6,49,15.2
Redbridge - Cranbrook,20.52425665,12.9,75.4,44.5,15.1
Havering - Brooklands,21.0670589,13.5,22.3,17.4,4.4
Bexley - Belvedere,22.3549201,12.7,28.4,20.4,5.1
Hillingdon - South Ruislip,20.19572954,12.6,27,23.2,7.7
Enfield - Turkey Street,25.51297211,11.5,37.9,31,14.1
Waltham Forest - Chingford Green,17.66306989,21.8,14.7,13.1,3
Ealing - Northfield,18.82814234,11,23.2,36.2,11.1
Richmond upon Thames - Hampton Wick,20.43831328,13.3,11.4,20.3,4.5
Greenwich - Kidbrooke with Hornfair,20.32167832,11.9,33.6,27.3,7.6
Hammersmith & Fulham - Shepherd's Bush Green,14.7926078,7.6,40.1,47.2,16.4
Wandsworth - Queenstown,14.18774111,7.8,35.7,42.4,15.4
Brent - Welsh Harp,21.34806951,11.4,61.3,55,22.9
Islington - Junction,15.39293139,10.7,30.6,34.7,11.5
Hillingdon - Yiewsley,22.34378612,9.3,33.8,27.7,10
Harrow - West Harrow,20.30270896,13,55.8,42.9,14.4
Bromley - Farnborough & Crofton,18.63039913,23,9.5,10,1.4
Lewisham - Downham,24.70652845,12.7,41.7,24.8,6.2
Westminster - Vincent Square,14.48738486,12.6,29.3,44.6,17
Kensington & Chelsea - Saint Charles,19.05169646,11.2,37.6,37.8,13.5
Kensington & Chelsea - Notting Barns,20.17405893,11.4,42.7,41.6,14.6
Tower Hamlets - Mile End East,23.89546203,5.7,66,43.5,20
Bexley - Colyers,22.18727534,14.5,17.7,12.3,2
Harrow - Hatch End,18.68512111,19.8,43.3,33,9.1
Richmond upon Thames - Kew,20.15564883,13.9,15.3,30.2,7.6
Hammersmith & Fulham - Addison,14.55981941,7.2,27.9,44.1,15.8
Havering - Havering Park,21.26923077,15.9,12,9.1,1.5
Enfield - Southbury,24.98276575,9.5,36.2,30.2,12
Barnet - Totteridge,20.10686721,16.8,34.3,37.6,13.7
Southwark - Cathedrals,10.68870892,7.4,38.4,40,10.4
Bexley - East Wickham,18.91692761,18,16.9,13.4,3.2
Waltham Forest - Valley,21.14645229,13.4,38.4,25.6,7.9
Kingston upon Thames - Beverley,20.66475418,12.9,32.6,32.4,13.3
Hackney - Haggerston,15.98820483,5.7,45.6,45.9,17.4
Waltham Forest - Grove Green,19.04272802,7.1,53.2,53,21.2
Southwark - Newington,17.28211658,8.5,48.2,42.5,13.6
Bexley - Blendon & Penhill,19.53253896,17.9,9.5,7.8,1.7
Bexley - Christchurch,18.10305518,18.3,13.4,11.5,2.3
Greenwich - Eltham South,16.25867156,15.7,16.8,17.5,4.6
Southwark - Grange,14.10623617,6.5,39.1,38.3,10.8
Hounslow - Chiswick Riverside,18.75595599,11.8,19.1,30.3,8.9
Sutton - Carshalton Central,19.06564399,13.7,13.7,15,3.7
Richmond upon Thames - Whitton,19.33962264,16.3,21.5,23.3,6.7
Ealing - Southfield,17.30740686,10,20.8,36.2,10.7
Brent - Kilburn,18.60027076,8.6,50,48.1,18.4
Hammersmith & Fulham - Avonmore & Brook Green,12.35265226,10.2,35.5,52.2,20.4
Barnet - Childs Hill,19.17302609,12.4,38.9,51.2,23
Haringey - Bruce Grove,22.46081613,8.4,55.9,55.5,23.5
Merton - Lower Morden,19.18591859,15.2,21.9,22.1,5.9
Barnet - Coppetts,19.71014493,10.3,35,36.1,13.6
Barking & Dagenham - Heath,26.27480067,12.7,32.3,24.1,6.2
Barnet - Colindale,22.23067025,8.4,59.9,52.7,23.2
Enfield - Southgate,18.83907569,14.1,31.6,33.2,11.7
Havering - Hacton,16.58783233,19.7,7.3,7.3,1.7
Wandsworth - Thamesfield,15.17315726,8.8,12.3,31.4,5.8
Westminster - Westbourne,21.81989184,9.5,52.8,51.5,24.1
Ealing - Southall Green,22.3266342,8.2,91.4,63.3,36.7
Camden - Bloomsbury,7.133676093,10,40.4,51.2,19.5
Richmond upon Thames - Teddington,18.93514037,13.6,8.9,17.8,4.1
Kingston upon Thames - Old Malden,19.87063938,15.7,30.8,27.3,8.4
Sutton - Beddington North,20.69065865,13.3,23.5,16.6,3.8
Barnet - West Hendon,19.80806804,11.4,50.6,53.6,24.7
Enfield - Winchmore Hill,18.42124897,14.9,23.8,27,8.1
Lewisham - Brockley,15.24830963,6.5,43.1,36.8,10.5
Greenwich - Glyndon,22.86060206,7.1,55,42.2,13.8
Lambeth - Streatham Wells,19.32778747,8.3,43.1,41.2,14.2
Hammersmith & Fulham - North End,12.5722668,6.6,34.2,47.9,19.4
Lewisham - Bellingham,25.15736041,10.2,51.3,29.6,6.2
Croydon - Coulsdon West,20.10558406,15.3,25.2,16.9,2.4
Richmond upon Thames - Barnes,20.40003884,14.7,14.3,32.2,8.3
Islington - Holloway,15.57765468,8.2,36.1,39.6,14.9
Camden - Fortune Green,15.04258944,9.7,29,43.4,16.1
Waltham Forest - Forest,19.35918788,9.3,58.7,45.7,18.4
Merton - West Barnes,20.44210099,13.4,30,33.7,9.3
Richmond upon Thames - Saint Margarets & North Twickenham,21.84031507,9.5,12.3,23.3,4.8
Hounslow - Syon,19.13826177,9.5,34.2,36.7,13.5
Havering - Pettits,17.02045542,20.8,8.7,7.4,1.7
Barking & Dagenham - Gascoigne,31.49694828,6.1,60.4,48.2,18.7
Newham - Boleyn,24.94055813,7.5,78.1,54.8,26.4
Lambeth - Brixton Hill,15.70508774,7,41.5,37.4,11.1
Merton - Pollards Hill,24.11781861,10.5,56.4,35.9,9.4
Tower Hamlets - Millwall,15.56056143,3.5,47.6,52.1,23.4
Lewisham - New Cross,20.1891343,5.9,59.7,46.6,15.3
Croydon - Bensham Manor,23.06030492,9.8,73.5,45.3,12.9
Croydon - Heathfield,19.04942102,15.9,24.6,16.9,2.8
Croydon - Waddon,22.27557534,11,44.6,30.1,8.9
Richmond upon Thames - South Twickenham,18.47401622,10.3,9.7,18.8,4
Bromley - Clock House,19.78791774,11.5,20.6,17.3,3.9
Bromley - Bickley,19.22108889,19.8,14.5,15.7,2.7
Waltham Forest - Leyton,24.28087986,7.4,63.5,48.8,20.8
Islington - Saint Peter's,14.81982744,9.8,25.6,32,9.5
"Richmond upon Thames - Ham, Petersham & Richmond Riverside",19.12377629,16.7,15.9,30.5,7.6
Richmond upon Thames - Mortlake & Barnes Common,19.79118967,12,11.7,25.6,5.2
Ealing - Acton Central,19.66033577,9.6,40,48.3,21
Bromley - Bromley Common & Keston,20.74373056,16.6,12.8,12.1,1.9
Southwark - East Walworth,18.49961063,8.3,51.8,43.8,13.7
Haringey - Northumberl& Park,27.04276111,7.9,60.9,53.5,25.5
Havering - Rainham & Wennington,18.99535331,17.5,15.7,10.9,2.4
Southwark - College,20.40298002,11.7,36.6,30.7,5.3
Camden - Kentish Town,15.80084967,9.6,28.4,34.2,10.4
Newham - Green Street East,22.2599937,5.7,89.9,62.2,33.2
Hackney - Clissold,18.71110383,6.6,34.7,32,10.6
Islington - Highbury East,17.019082,9.7,23.5,30.9,9.3
Newham - Little Ilford,27.78211988,6.7,82,54.5,27.3
Westminster - Bryanston & Dorset Square,10.63297473,10.6,37.2,61.3,28.8
Hillingdon - Manor,20.24121657,15.7,16,16.2,3.6
Wandsworth - West Putney,17.79948447,13.3,22.9,34.4,9.5
Brent - Queens Park,17.98311629,8.6,37,41.9,14.4
Hounslow - Turnham Green,14.98078267,12.9,23.2,39.9,12.8
Lewisham - Forest Hill,21.11889053,10,38.2,31.1,8.2
Newham - East Ham North,21.87364777,7.9,90.8,60.2,31.5
Islington - Saint Mary's,13.66744569,9.6,25.3,33.1,10
Hillingdon - Barnhill,24.32151089,9.6,68.4,45.4,19
Croydon - Fieldway,31.10898162,10.1,34.4,19.3,4.1
Westminster - Little Venice,17.20116618,9.8,35.6,52.6,19.9
Haringey - Tottenham Green,20.41838134,8.2,52.8,55,25.8
Havering - Saint Andrew's,16.40167992,20.9,7.2,7.7,1.6
Merton - Merton Park,19.50448076,14.6,29.2,35.5,10.1
Lewisham - Telegraph Hill,19.53210674,7,49.4,36.9,10.9
Croydon - Addiscombe,18.68151395,9.7,43.6,34.5,10.2
Kensington & Chelsea - Holland,18.21439541,11,32,56.7,20.9
Hillingdon - Uxbridge South,13.26275127,9.6,37.9,30.9,10
Waltham Forest - Hoe Street,21.07533065,8.8,49.9,42.8,17.2
Havering - Squirrel's Heath,17.76565105,16.3,11.5,9.4,1.3
Croydon - Woodside,24.3863107,7.9,55.1,28.4,6.3
Kingston upon Thames - Grove,12.86170698,9.4,23.2,31.4,11.2
Bromley - Petts Wood & Knoll,18.34297854,20.9,9.2,10.6,1.8
Kingston upon Thames - Saint James,19.34440852,17.7,41.4,37.3,12.7
Havering - Heaton,21.92521877,16.8,16.3,13,2.5
Newham - Stratford & New Town,15.45475011,5.6,59.2,54.9,23.5
Croydon - Selsdon & Ballards,16.06792388,18.9,19.7,15.7,2.2
Westminster - Bayswater,11.74757282,9.7,31.1,56.1,23.9
Enfield - Palmers Green,18.84316053,13.3,35.4,41.4,18.1
Westminster - Harrow Road,18.89646003,8.5,49,48.2,17.9
Southwark - Nunhead,19.61820852,8.9,55.5,39,9.1
Ealing - Elthorne,19.69874132,9.7,34.9,40.6,16.9
Haringey - Alexandra,21.61085206,9.9,20.5,26.8,8.5
Enfield - Bowes,17.24432425,10.6,38.6,47.5,23.3
Lambeth - Thurlow Park,21.06150575,8.8,36.3,30.3,8.7
Greenwich - Blackheath Westcombe,16.27961165,15,16.9,23,5.2
Camden - King's Cross,14.50645951,7.2,49.2,50.9,22.4
Richmond upon Thames - Heathfield,20.16871909,14.8,30.4,26.6,8.7
Kingston upon Thames - Canbury,21.70047684,7.9,21.4,27.5,9.5
Hillingdon - Charville,22.80145777,12.5,43.9,30.1,9.7
Ealing - Ealing Common,15.22219844,11.3,31.5,43.1,15.4
Hammersmith & Fulham - Town,16.65029908,7.2,22.7,40.5,11.9
Harrow - Pinner South,21.16031121,17.1,40.6,29.4,6.8
Ealing - Greenford Green,20.96313332,11.9,49,50.1,21.9
Haringey - Saint Ann's,18.24702828,8.5,45.7,54.7,25.9
Sutton - Wallington North,19.91549296,12.5,19.6,16.6,4.4
Newham - Manor Park,23.5082909,7.1,81.5,56.2,27.6
Redbridge - Snaresbrook,15.41508639,17.6,30.2,27.2,6.5
Ealing - Walpole,17.95948987,10.5,27.1,38,14.1
Haringey - Bounds Green,18.67395264,9.2,39.8,48.5,21.5
Hillingdon - Cavendish,20.62103277,15.7,19.7,16.7,3.7
Camden - Camden Town with Primrose Hill,15.37302783,11.3,26.4,38.8,12.1
Bexley - Saint Michael's,22.14638527,13.7,17.3,11.6,2.4
Tower Hamlets - Shadwell,22.38914626,6.3,64.4,45.1,23.2
Croydon - Norbury,21.01845108,13.4,62.3,43.6,13
Waltham Forest - Higham Hill,24.48082462,7.6,51.9,40.3,15.7
Brent - Tokyngton,18.41774247,11.3,76.3,62.9,26.6
Haringey - Crouch End,15.86123437,8.9,18,29.2,7.6
Hackney - New River,28.88216078,7.7,39.3,40.2,19.4
Barking & Dagenham - Eastbrook,21.24500286,14.7,24.8,19,4.5
Tower Hamlets - Blackwall & Cubitt Town,17.80484045,4.7,50.4,48.6,21.9
Bromley - Shortlands,18.52605863,19.7,15.6,16,3.6
Westminster - Tachbrook,10.75018387,15.4,21.8,41.1,15.1
Barnet - East Finchley,18.86922259,13,28.2,34.4,10.4
Camden - Saint Pancras & Somers Town,19.95947315,9.4,49,42.4,17.9
Merton - Colliers Wood,14.1896938,8.1,40.1,47.2,16.3
Havering - Emerson Park,16.30625365,21.3,17.7,11.4,1.7
Havering - Romford Town,17.67476917,14,16.4,16.6,5.6
Harrow - Kenton West,17.9092455,14.3,72.6,51.3,20.4
Kensington & Chelsea - Abingdon,15.46988914,11.7,32.6,59.6,26.1
Kingston upon Thames - Berrylands,16.92275087,14.9,18.1,24.1,6.9
Camden - West Hampstead,12.54560531,8.4,30.5,43.3,13.9
Barking & Dagenham - Abbey,24.44079462,5,71.9,57.3,25.7
Hounslow - Hounslow West,17.44351398,11.2,75.9,62.6,29.4
Lewisham - Ladywell,18.32586979,8.9,45.4,35.4,9.4
Westminster - Saint James's,8.782785371,11,28.8,49,20
Greenwich - Eltham North,18.6117102,16.6,11.3,13.9,3.4
Hounslow - Hounslow Heath,23.11400828,7.8,72.6,58,27.7
Hounslow - Feltham North,19.96886621,13.6,38.9,35.7,14.1
Redbridge - Bridge,20.02916452,13.4,28.1,21.6,6.7
Barking & Dagenham - Becontree,25.43958424,9.5,41.2,30.1,10.5
Haringey - Noel Park,19.09749623,8.5,45.2,51.7,25.4
Kingston upon Thames - Coombe Vale,21.24102564,13.3,33.4,33.5,11.1
Bromley - Chislehurst,17.98260401,21.5,12,12.7,1.9
Haringey - Harringay,14.76793249,7.5,34.5,49.2,24.3
Lambeth - Coldharbour,21.5622021,6.1,62.1,43.7,13.3
Newham - Plaistow North,23.60051713,7.1,73.4,52.1,23.6
Greenwich - Abbey Wood,26.85303107,9.6,46.3,32,7.6
Southwark - South Camberwell,19.68485232,7.1,44.1,35.8,7.7